date,EU_Central_bank_Intervention_rate_policy_interest_rate,EU_GDP_Growth_Rate,JP_GDP_Growth_Rate,JP_Inflation_rate,JP_Oil_price,US_GDP_Growth_Rate,US_Long_term_interest_rate,US_Oil_price,EU_Central_bank_Intervention_rate_policy_interest_rate_diff,EU_Effective_exchange_rate_hp_gap,EU_Effective_exchange_rate_hp_gap_diff,EU_GDP_log,EU_GDP_log_hp_gap,EU_GDP_log_hp_gap_diff,EU_Long_term_interest_rate_hp_gap,EU_Long_term_interest_rate_hp_gap_diff,EU_Unemployment_rate_hp_gap,EU_Unemployment_rate_hp_gap_diff,JP_Central_bank_Intervention_rate_policy_interest_rate_diff,JP_Effective_exchange_rate_hp_gap,JP_Effective_exchange_rate_hp_gap_diff,JP_Equity_prices_log_hp_gap,JP_GDP_log,JP_GDP_log_hp_gap,JP_GDP_log_hp_gap_diff,JP_House_prices_residential_hp_gap,JP_House_prices_residential_hp_gap_diff,JP_Long_term_interest_rate_hp_gap,JP_Long_term_interest_rate_hp_gap_diff,JP_Oil_price_log,JP_Oil_price_log_hp_gap,JP_Unemployment_rate_hp_gap,JP_Unemployment_rate_hp_gap_diff,US_Central_bank_Intervention_rate_policy_interest_rate_diff,US_Effective_exchange_rate_hp_gap,US_Effective_exchange_rate_hp_gap_diff,US_Equity_prices_log_hp_gap,US_GDP_log,US_GDP_log_hp_gap,US_GDP_log_hp_gap_diff,US_House_prices_residential_hp_gap,US_House_prices_residential_hp_gap_diff,US_Long_term_interest_rate_hp_gap,US_Long_term_interest_rate_hp_gap_diff,US_Oil_price_log,US_Oil_price_log_hp_gap,US_Unemployment_rate_hp_gap,US_Unemployment_rate_hp_gap_diff
2010-01-01,1.0,0.35738,1.242026926,-1.166667,77.81,0.484500951,3.71666666666667,76.6748371290545,,3.8194712043509327,,-1.028955637531622,-0.15444789165239559,,-0.282672051859417,,-0.19312098579148795,,,-9.250348318180926,,0.23750801098448937,0.2167446628254034,0.10592980116835056,,0.6967273084984953,,0.045469375209073126,,4.354269957628839,-0.2410913515942399,-0.09867695461084747,,,3.739091759507531,,0.06693045131701902,-0.7246358848049452,-0.24097120894216273,,6.075058840247223,,0.6047815849982783,,4.339573585825311,-0.262272040728476,-0.14396117130783104,
2010-04-01,1.0,0.999191,1.377095622,-0.9333333,80.94,0.967586118,3.49,78.8450360750361,0.0,-1.5443598588795453,-5.363831063230478,-0.000809327417098814,0.8774428735313571,1.0318907651837526,-0.3945351471334937,-0.11186309527407667,-0.22442736542010522,-0.031306379628617265,0.0,-7.763926503060517,1.4864218151204085,0.04553993739874507,0.3199766596013104,0.30257214084411393,0.1966423396757634,0.736067878320469,0.03934056982197376,-0.02257833083688099,-0.06804770604595411,4.393708139447719,-0.2065685806713331,0.08978835254119133,0.1884653071520388,0.0,4.981712865082358,1.2426211055748269,-0.08889460914181946,-0.03295084718671784,0.4658339649064548,0.7068051738486175,5.401878963640286,-0.6731798766069375,0.4576137329850276,-0.14716785201325067,4.367484357401184,-0.23784546269880913,-0.12961261611476793,0.014348555193063106
2010-07-01,1.0,0.478303,1.723737299,-0.8,75.44,0.771084936,2.78666666666667,76.675,0.0,-1.7905780916127867,-0.2462182327332414,-0.7375108561014646,0.1445823298485044,-0.7328605436828527,-0.6103623446644724,-0.21582719753097868,-0.38894304443260275,-0.16451567901249753,0.0,0.8882767797587405,8.652203282819258,0.019183261256473738,0.5444947818603754,0.6204343998773049,0.31786225903319093,1.208272993574468,0.472205115253999,-0.18598778857568465,-0.16340945773880367,4.323337638325202,-0.28170381059507754,0.11164933278986222,0.02186098024867089,0.0,3.671997038307495,-1.3097158267748625,-0.016660401539188907,-0.25995674806222735,0.2540988072669248,-0.21173515763953,3.589720543285196,-1.8121584203550896,-0.16659877418550817,-0.6242125071705358,4.339575710000315,-0.26907438362043123,-0.08184108518963562,0.04777153092513231
2010-10-01,1.0,0.612048,-0.858797207,0.1,83.37,0.525110261,2.86333333333333,87.0331601731602,0.0,0.23272789489351453,2.0233059865063012,-0.49094456817284116,0.39463426084725084,0.25005193099874645,-0.3062455975254341,0.30411674713903825,-0.4530770551094676,-0.06413401067686486,-0.05,2.5568954520402087,1.6686186722814682,0.08169400474441346,,,,0.9458471572686307,-0.2624258363058374,-0.07343997157672155,0.1125478169989631,4.423288532422522,-0.1860871757465734,0.13357654151146026,0.021927208721598035,0.0,0.0044937762925769675,-3.667503262014918,0.05086991469828828,-0.6441470174894451,-0.11481065114120148,-0.3689094584081263,2.0097478358858893,-1.5799727073993068,-0.011853266920419436,0.15474550726508873,4.46628919745047,-0.14520467622593447,0.1661924050847059,0.24803349027434152
2011-01-01,1.0,0.961402,-1.433205341,-0.5333334,98.52,-0.237204897,3.46,105.369424085576,0.0,-0.11474473264438245,-0.347472627537897,-0.03936264322487744,0.8488042511141186,0.4541699902668678,0.40268504710368447,0.7089306446291186,-0.6163223403284199,-0.16324528521895232,0.0,1.1936749292264182,-1.3632205228137906,0.00848638339527863,,,,1.013739701790115,0.06789254452148441,0.12916705562512587,0.20260702720184742,4.590259573252337,-0.022564072273878466,-0.04449324675071331,-0.17806978826217357,0.0,-1.1918757553350758,-1.1963695316276528,0.07404128929280462,,,,-0.8275936238328825,-2.837341459718772,0.661290381940439,0.6731436488608584,4.657472499957096,0.04409208461953362,-0.08529101099635739,-0.2514834160810633
2011-04-01,1.25,0.127696,-0.640596623,-0.4,115.96,0.676582293,3.21,117.541904761905,0.25,2.3932224042222288,2.507967136866611,-2.058102839848484,-1.1690343401746617,-2.0178385912887804,0.6847394992341118,0.28205445213042735,-0.711230669807728,-0.09490832947930805,0.0,-0.39290409956390704,-1.5865790287903252,-0.011813948400467567,,,,0.4097088050528157,-0.6040308967372994,0.0913144618105537,-0.03785259381457218,4.753245304053455,0.1384321998859459,-0.022706742791799073,0.02178650395891424,0.0,-2.7815265328915615,-1.5896507775564857,0.04047719553875817,-0.39070119353665983,0.15362670063676837,,-2.560086335033901,-1.7324927112010187,0.4856130411823396,-0.17567734075809938,4.7667949062761465,0.15305668552397478,0.16382593060938433,0.24911694160574172
2011-07-01,1.5,0.086265,2.393091367,0.1333333,112.22,-0.022312736,2.42666666666667,113.266947738252,0.25,1.5129193993999621,-0.8803030048222666,-2.45033132514831,-1.5633670650135452,-0.3943327248388835,0.6171868025693379,-0.06755269666477393,-0.5699606118029532,0.14127005800477477,0.0,7.476559674623445,7.869463774187352,-0.16001290492966813,0.8725859891417838,1.041548224093351,,0.897679057657129,0.48797025260431326,0.0227360196838291,-0.06857844212672459,4.720461230322826,0.10570340559915259,-0.13451884912771472,-0.11181210633591565,0.0,-2.484795277012509,0.29673125587905247,-0.14387323655055573,,,,-2.8800015737849236,-0.31991523875102246,-0.2265177268981362,-0.7121307680804758,4.7297474020697505,0.1177240524486809,0.31371580082601724,0.14988987021663291
2011-10-01,1.25,-0.328476,0.034773998,-0.3,111.94,1.123049057,2.04666666666667,109.978629148629,-0.25,0.8524739161262005,-0.6604454832737616,,,,0.6448523249468163,0.027665522377478435,-0.32422821540101765,0.24573239640193556,0.0,12.620046459138692,5.143486784515247,-0.2173397222620972,-3.3588853553907754,-3.09786510855774,-4.139413332651091,-0.6257810177997669,-1.5234600754568959,0.06844176374392852,0.04570574406009942,4.717963013463214,0.10580494551288133,-0.046701276560132676,0.08781757256758205,0.0,-0.3636135875838704,2.1211816894286386,-0.06799387982141081,0.11604735868465084,0.6748499031693008,,-3.224490092806292,-0.34448851902136823,-0.5397045348218255,-0.31318680792368925,4.700286066450513,0.09249854437697103,0.1644477793710042,-0.14926802145501306
2012-01-01,1.0,-0.162698,1.521605734,0.3,118.18,0.83859082,2.03666666666667,118.427965367965,-0.25,-1.857598623653061,-2.7100725397792615,,,,0.2264295951776285,-0.4184227297691878,-0.10539030430648033,0.21883791109453732,0.0,10.422530278201705,-2.1975161809369865,-0.07137769770670843,0.41976618120357084,0.770585782011165,3.868450890568905,-0.09726394813179695,0.52851706966797,0.05376085181082768,-0.014680911933100838,4.772208885917529,0.16562872668591577,0.07405733838997719,0.12075861495010987,0.0,-1.2483600674434427,-0.8847464798595723,0.015318658115392125,-0.17603239112151375,0.39640431515244073,-0.2784455880168601,-3.7061510486509235,-0.48166095584463164,-0.4884084215302451,0.05129611329158035,4.774304888546688,0.1736488527750284,0.015894973586281225,-0.14855280578472296
2012-04-01,1.0,-0.321317,-0.927897002,0.1333333,120.35,0.446334746,1.82333333333333,109.060407177364,0.0,-2.513982260856068,-0.6563836372030067,,,,0.14801543747585555,-0.07841415770177296,0.15538894041072737,0.2607792447172077,0.0,11.501097626995502,1.078567348793797,-0.2158285690044388,,,,-1.3538711470167044,-1.2566071988849075,-0.012020334397802035,-0.06578118620862972,4.790404164229081,0.19274761218649417,0.06109854749949317,-0.012958790890484018,0.0,0.1741472723965103,1.422507339839953,-0.04818084711414272,-0.8066860569155393,-0.22220106957163277,-0.6186053847240736,-2.8962814350896053,0.8098696135613181,-0.6467531106306608,-0.15834468910041566,4.691901923007946,0.1015899230402173,0.16782871095167806,0.15193373736539684
2012-07-01,0.75,-0.113988,-0.395532044,-0.3666667,106.27,0.144027997,1.64333333333333,110.133826745718,-0.25,-4.302200037261272,-1.7882177764052045,,,,-0.2673267727551423,-0.4153422102309978,0.3270212066208664,0.17163226621013905,0.0,14.969654252612486,3.4685566256169835,-0.26397020744644006,,,,-1.2984432381646798,0.05542790885202464,-0.035649013696690934,-0.0236286792988889,4.6659830253846035,0.08085980757210098,-0.0189503832912008,-0.08004893079069397,0.0,-0.28212935403412587,-0.45627662643063616,-0.02224872625262808,-1.9377475746928463,-1.3437933318927455,-1.1215922623211128,-2.487834242585066,0.4084471925045392,-0.7785570704668587,-0.13180395983619797,4.701696233105342,0.12514917865829922,0.2200083845885379,0.052179673636859825
2012-10-01,0.75,-0.415356,-0.054468022,-0.2333333,113.79,0.115640554,1.70666666666667,110.424491498839,0.0,-2.3695370890674496,1.9326629481938227,,,,-0.8096896968162048,-0.5423629240610626,0.5783110641064422,0.25128985748557575,0.0,9.721584382795044,-5.248069869817442,-0.13933484649175476,,,,-1.8669746758189802,-0.5685314376543005,-0.016198225524898247,0.019450788171792688,4.734354644368917,0.16551804914068846,0.0005016253660965475,0.01945200865729735,0.0,-2.4300032414174098,-2.147873887383284,-0.062418567387924284,-2.157268571115616,-1.5572783676990012,-0.21348503580625566,-2.1384526494028933,0.3493815931821729,-0.6739012153551629,0.10465585511169584,4.704331952525997,0.14511561982920274,0.20542149467384885,-0.014586889914689039
2013-01-01,0.75,-0.278384,1.276555012,-0.6333333,113.89,0.986560664,1.95,112.867180124224,0.0,-0.19725634411679493,2.1722807449506547,,,,-0.133725518685456,0.6759641781307488,0.8445486943958116,0.2662376302893694,0.0,-4.4374171219559315,-14.159001504750975,0.0020221711929471198,0.24416505273632777,0.6831674624506803,,-1.4607483871991178,0.40622628861986243,-0.0750520620212567,-0.05885383649635845,4.7352330702862595,0.18652940992989464,0.1193874968091384,0.11888587144304186,0.0,-2.5454446869224086,-0.1154414455049988,0.0031904938366000835,-0.01353046123884336,0.5890480095611141,2.1463263772601153,-1.1667821877369136,0.9716704616659797,-0.3957131947762058,0.2781880205789571,4.7262117302606015,0.18795854381976618,0.3569210361442332,0.15149954147038436
2013-04-01,0.5833333333333334,0.645163,1.026650643,-0.2666667,106.77,0.267636335,1.99666666666667,103.099644927536,-0.16666666666666663,0.05819356376245821,0.25544990787925315,-0.43825228093466645,0.4430131563599598,,0.11170169783210504,0.24542721651756105,0.7939628346022705,-0.05058585979354113,0.0,-8.732731391378522,-4.29531426942259,0.06501939783947552,0.026301700728043127,0.552030871006705,-0.13113659144397527,-0.6471804403522441,0.8135679468468737,0.09008217523301953,0.16513423725427623,4.670676988190211,0.14594215014598522,0.03764284085982572,-0.08174465594931268,0.0,-2.099571902359088,0.4458727845633206,-0.0031412863613899944,-1.318126178929029,-0.7154482333925776,-1.3044962429536917,0.0013916211112245946,1.1681738088481382,-0.31983280328432406,0.07588039149188175,4.635695947055161,0.12201428238974454,0.3738966155021419,0.01697557935790872
2013-07-01,0.5,0.352591,0.94888397,0.9,108.54,0.851393569,2.71,110.266868059477,-0.08333333333333337,2.0938206192905398,2.0356270555280815,-1.0424465340179787,-0.17008613687613416,-0.6130992932360939,0.5782593586140341,0.46655766078192906,0.7276143789051073,-0.06634845569716319,0.0,-6.748632836176611,1.9840985552019106,0.08520534811971014,-0.05246875338992643,0.5582646461719164,0.006233775165211397,0.0745260644165171,0.7217065047687612,0.09621075886214714,0.006128583629127604,4.6871187686352584,0.19006163461492775,0.021794650154552286,-0.015848190705273435,0.0,-1.868578863274692,0.23099303908439595,0.013335929369032051,-0.16088077905800316,0.4399985941484398,1.1554468275410175,0.4087481256359098,0.4073565045246852,0.41814748531285106,0.7379802885971751,4.702903500895814,0.21726021044914035,0.2888477636024369,-0.08504885189970501
2013-10-01,0.3333333333333333,0.299935,-0.140315946,1.4,112.77,0.871741753,2.74666666666667,109.613208796035,-0.16666666666666669,3.7265964362102864,1.6327758169197466,-1.2041894944682159,-0.3438288720260838,-0.17374273514994965,0.7288852001147683,0.15062584150073421,0.7127279947119938,-0.0148863841931135,0.0,-7.7106045766008435,-0.9619717404242323,0.17000146476827904,,,,-0.2951274854226966,-0.3696535498392137,0.04861699346415482,-0.047593765397992316,4.725350346244197,0.2594615783871532,0.038346390554173215,0.01655174039962093,0.0,-3.7440139794441905,-1.8754351161694984,0.07910282780494082,-0.13726205375216913,0.46095860078397977,0.020960006635539985,0.27043481803313796,-0.13831330760277183,0.4761684260431016,0.05802094073025055,4.696957885464177,0.24260203967693972,0.20070732591528984,-0.08814043768714708
2014-01-01,0.25,0.443708,1.044295887,1.5,111.29,-0.345095985,2.76333333333333,108.211017253278,-0.08333333333333331,5.245517323710956,1.51892088750067,-0.8125885905592294,0.03289530923751893,0.37672418126360274,0.7130442901255352,-0.015840909989233154,0.6827235904437838,-0.03000440426820994,0.0,-8.468245170712692,-0.757640594111848,0.04190063365032248,0.04334286597219712,0.7367464613030338,,0.31181371881011444,0.6069412042328111,0.06952405191278532,0.0209070584486305,4.712139406985334,0.28057265933697995,-0.07954709373680435,-0.11789348429097757,0.0,-3.256257798852971,0.4877561805912194,0.06379748507730909,,,,0.20594730292714303,-0.06448751510599493,0.5119094317558606,0.035741005712758955,4.684083184272001,0.2639102839507341,0.14156161805862055,-0.05914570785666928
2014-04-01,0.2166666666666667,0.309747,-1.437590501,3.566667,109.62,1.291842129,2.62333333333333,110.02562049062,-0.0333333333333333,4.963917134875857,-0.28160018883509963,-1.1719994437498116,-0.3438365348978424,-0.3767318441353613,0.2679230636591914,-0.4451212264663438,0.43725561952464176,-0.24546797091914208,0.0,-5.056334048713339,3.4119111219993528,0.031212107883781037,,,,-0.5373110595266581,-0.8491247783367726,0.08512472146086214,0.015600669548076818,4.697019839617971,0.3024295946432236,-0.03208692500797028,0.04746016872883407,0.0,-3.8566841940826464,-0.6004263952296753,0.08216388169673206,0.2560692067179895,0.8515338978484331,,-0.19122998785050527,-0.3971772907776483,0.389418976700985,-0.12249045505487555,4.700713252223357,0.31711360226564,-0.12329748642835092,-0.2648591044869715
2014-07-01,0.1166666666666667,0.557733,0.195726665,3.3,108.61,1.215391409,2.49666666666667,102.572413576761,-0.1,2.87185127446088,-2.0920658604149764,-0.5838749257395658,0.22493484394623187,0.5687713788440742,-0.07786218766719477,-0.34578525132638616,0.37557183313470155,-0.06168378638994021,0.0,-4.682691320905477,0.37364272780786223,0.06400220855248406,-1.6310361593907745,-0.8582568194420476,,-0.308057440648966,0.22925361887769213,0.0645683368287659,-0.020556384632096247,4.687763484291945,0.33212969496315115,-0.01942250861532635,0.012664416392643929,0.0,-4.021298543257188,-0.16461434917454199,0.06150904893430553,0.19506617223930645,0.7881524577080176,-0.06338144014041558,-0.27553704524645184,-0.08430705739594657,0.2790922584001332,-0.11032671830085183,4.630569023062855,0.28526278852984444,-0.06199659001768776,0.061300896410663164
2014-10-01,0.05,0.41486,0.578912368,2.566667,86.22,0.505733136,2.28,76.572731884058,-0.0666666666666667,1.2996060323460483,-1.5722452421148319,-0.8798141650641377,-0.09176266485358942,-0.3166975087998213,-0.3591472534307325,-0.28128506576353773,0.4299366976919039,0.05436486455720235,0.0,-10.000310222144691,-5.317618901239214,0.10960197546622918,-0.5466041634682908,0.3008355857719923,1.15909240521404,-1.266145225360603,-0.9580877847116369,0.010951029785964184,-0.05361730704280171,4.4569021693189885,0.14134124061927533,-0.041687195586741055,-0.022264686971414704,0.0,-2.0770291302125514,1.944269413044637,0.07839288436699654,-0.6817461480280388,-0.09071811668385932,-0.8788705743918769,0.18751389924460682,0.46305094449105866,0.07774775418117397,-0.20134450421895922,4.338241032744527,0.03208004285954047,-0.24258823425243126,-0.1805916442347435
2015-01-01,0.05,0.802005,1.606640105,2.3,54.92,0.900484978,1.96666666666667,54.5705757575757,0.0,-3.7209938753019003,-5.020599907647949,-0.22064043672109138,0.5457340973399775,0.6374967621935669,-0.67200206026931,-0.31285480683857747,0.33241994721847945,-0.09751675047342445,0.0,-9.419257305210934,0.581052916933757,0.1766039514839326,0.47414510710006535,1.390645456642491,1.0898098708704986,1.090198321435082,2.356343546795685,-0.014671423108594372,-0.025622452894558556,4.00587758089977,-0.2695652112363094,0.06766680211779885,0.10935399770453991,0.0,1.455042406138162,3.5320715363507134,0.05729200342781038,-0.10482179634869004,0.48391813091531954,0.5746362475991789,1.0166712668948463,0.8291573676502395,-0.2213038246228214,-0.29905157880399535,3.999494831950172,-0.2677157091441451,-0.23308421280686797,0.009504021445563282
2015-04-01,0.05,0.550279,0.06265574,0.5,60.73,0.619405087,2.16666666666667,62.5467243867244,0.0,-5.482269319419686,-1.7612754441177856,-0.5973298566476628,0.14699279989007774,-0.3987412974498997,-0.40964224289674633,0.26235981737256364,0.24812260530060648,-0.08429734191787297,0.0,-10.170015595661965,-0.7507582904510315,0.20148502190083217,-2.770099981725194,-1.7912113367742255,-3.1818567934167166,0.29603727560071036,-0.7941610458343717,0.08841657697708982,0.1030880000856842,4.106437809909484,-0.13000103705236654,0.008547327035553387,-0.059119475082245465,0.0,1.8151325700882381,0.3600901639500762,0.030045164320050333,-0.47899579869019177,0.10673287186809816,-0.3771852590472214,0.785749299443836,-0.23092196745101035,-0.008133692358506472,0.21317013226431492,4.135913867623597,-0.09360769564486127,-0.16801170170886692,0.06507251109800105
2015-07-01,0.05,0.413173,0.148378916,0.1333333,56.25,0.400245061,2.22,50.7979430955518,0.0,-3.120882216438588,2.361387102981098,-0.8838888875308883,-0.16179031840078184,-0.3087831182908596,-0.10843251077342231,0.301209732123324,0.07530793305745753,-0.17281467224314895,0.0,-8.633847749906423,1.5361678457555428,0.024087194274874157,-1.907986033814231,-0.8753230476629066,0.9158882891113189,0.8196543390480002,0.5236170634472899,0.11493979851445935,0.026523221537369523,4.029806041084529,-0.1697340411594288,0.08081792995245918,0.07227060291690579,0.0,3.9725484644271774,2.157415894338939,-0.06638193056235586,-0.9156782669690815,-0.33447975724379464,-0.4412126291118928,0.7335172827861385,-0.0522320166576975,0.05732525151786616,0.06545894387637263,3.9278558635196408,-0.2661375456770072,-0.3484191993532946,-0.18040749764442765
2015-10-01,0.05,0.527478,-0.192448942,0.2666667,45.06,0.184479126,2.19,44.175606374302,0.0,-3.200068064465256,-0.07918584802666828,-0.6396481206627791,0.06016498216499955,0.2219553005657814,-0.28243410067414465,-0.17400158990072234,0.07871711497989509,0.003409181922437554,0.0,-6.777326831272276,1.8565209186341463,0.09016822479231568,,,,-1.1377528096085427,-1.957407148656543,0.06456774961434603,-0.05037204890011332,3.8079949350040985,-0.35766130139707863,0.051004819575055205,-0.029813110377403973,0.08333333333333329,4.028796067421553,0.056247602994375256,-0.028181776874134812,-1.6902189601135476,-1.1159319748951984,-0.7814522176514037,1.1758883582275814,0.44237107544144294,0.03847852444110744,-0.018846727076758718,3.788172744751098,-0.3732941821072493,-0.27525119682144705,0.07316800253184752
2016-01-01,0.03333333333333333,0.46754,0.865077699,0.03333334,32.2,0.579519406,1.92,35.1999309868875,-0.01666666666666667,-1.2311118102211083,1.9689562542441479,-0.7602703724162453,-0.0825921648468757,-0.14275714701187525,-0.3349974690975812,-0.05256336842343656,-0.010270731899387542,-0.08898784687928263,0.0,-1.0032964149105368,5.7740304163617395,-0.06025156795001063,-0.14493595065079443,0.9320652802635937,,0.8585012242836143,1.996254033892157,-0.1947685656531564,-0.25933631526750245,3.4719664525503626,-0.6636245115261978,0.08558269340365765,0.034577873828602446,0.1666666666666667,4.939565181214306,0.9107691137927532,-0.04472753292482334,-0.5455561292738094,0.018784558065293666,1.134716532960492,1.2985260656380575,0.12263770741047608,-0.22130418443618005,-0.2597827088772875,3.5610441220023423,-0.5715725062646282,-0.28256542319502653,-0.00731422637357948
2016-04-01,0.0,0.335953,-0.340170274,-0.4,41.95,0.321124068,1.75333333333333,46.9809163059163,-0.03333333333333333,-0.9366316912205122,0.2944801190005961,-1.0907840097555666,-0.4349157795759274,-0.3523236147290517,-0.3287750584728053,0.006222410624775909,0.006334311255439928,0.01660504315482747,0.0,3.967969086630717,4.971265501541254,-0.1555809905561567,,,,1.4092129308830437,0.5507117065994294,-0.29851183139479676,-0.10374326574164036,3.7364784329132155,-0.37344594868657044,0.08433037092635143,-0.0012523224773062225,0.0,2.5880276104062574,-2.3515375708080484,-0.050172343401194475,-1.1359277258529146,-0.5845240619794313,-0.603308620044725,1.0099176529080722,-0.2886084127299853,-0.3786772350391676,-0.15737305060298756,3.8497414832107695,-0.2581422333613461,-0.13758357555772083,0.1449818476373057
2016-07-01,0.0,0.485134,0.227035666,-0.4666667,45.95,0.709390255,1.56333333333333,47.0091878411444,0.0,-1.1818098334298952,-0.24517814220938305,-0.723330137545543,-0.08872099995916671,0.3461947796167607,-0.523113264749027,-0.19433820627622167,-0.07346841751234656,-0.07980272876778649,-0.15000000000000002,9.596822321062575,5.628853234431858,-0.12234327449356108,-1.4826481548998915,-0.3710198409840457,,0.6489422370831619,-0.7602706937998818,-0.2386496680304574,0.05986216336433936,3.827553848801696,-0.26126799117913313,0.013635182447842453,-0.07069518847850897,0.0,2.86760126469332,0.2795736542870628,-0.041987131128420785,-0.3433494736977805,0.19215874856085385,0.7766828105402852,1.0344733303471116,0.024555677439039414,-0.5601566721777465,-0.18147943713857884,3.8503430685869597,-0.23700909352000643,-0.07401474760372118,0.06356882795399965
2016-10-01,0.0,0.76714,0.016439646,0.3,47.64,0.554299113,2.13,51.1262698412698,0.0,-1.8679096346753425,-0.6860998012454473,-0.26508596493626135,0.3493127541433433,0.43803375410251,-0.003089802667076258,0.5200234620819507,-0.08501753910401533,-0.011549121591668765,0.0,5.331135955417139,-4.265686365645436,0.007118487199314849,-4.108059422432654,-2.9723727934014366,-2.6013529524173906,-0.5890316883044164,-1.2379739253875783,-0.09031645941873107,0.14833320861172633,3.8636727444870993,-0.20854254202463762,0.03983675179100743,0.026201569343164977,0.08333333333333331,5.216753203181469,2.3491519384881485,-0.034449901415493756,-0.5900508227741477,-0.07299882530370971,-0.26515757386456357,0.9901280828485142,-0.04434524749859747,0.014644799276751996,0.5748014714544984,3.934298452025556,-0.1366461442832967,-0.12548404329249863,-0.05146929568877745
2017-01-01,0.0,0.854702,0.721990972,0.3,55.16,0.48689021,2.44333333333333,54.8207088274045,0.0,-2.835455861636987,-0.9675462269616446,-0.1570024088105626,0.4387878057637594,0.08947505162041614,0.37573712115363067,0.37882692382070693,-0.1969397566598836,-0.11192221755586829,0.0,0.7311179761090898,-4.600017979308049,-0.02366637890872081,-0.32574264432261313,0.8228078132140252,3.7951806066154616,2.8955647346336804,3.484596422938097,-0.0018307667090266821,0.08848569270970438,4.010238052925101,-0.04963532306496887,-0.00407081921030672,-0.04390757100131415,0.25000000000000006,5.448824900852983,0.2320716976715147,-0.005232771285950122,-0.7197166227937367,-0.22340409752681178,-0.15040527222310207,0.5004031352822125,-0.4897249475663017,0.3364645723730977,0.3218197730963457,4.004068020878688,-0.05436749905296878,-0.25890330736626854,-0.13341926407376992
2017-04-01,0.0,0.767575,0.323931045,0.4,52.75,0.559872562,2.26333333333333,51.0016916996047,0.0,-1.9771391708066517,0.8583166908303355,-0.26451908442535343,0.31459945908883347,-0.12418834667492595,0.21093029839106547,-0.1648068227625652,-0.27780763735833247,-0.08086788069844886,0.0,1.493644409581023,0.7625264334719333,0.014727761609604428,-1.1272246099141388,0.02422720378998,-0.7985806094240452,1.40187323061609,-1.4936915040175904,-0.0031213699302820863,-0.0012906032212554042,3.965563772356176,-0.08587065176844266,0.014883673307878986,0.018954492518185706,0.25,2.6538973619381636,-2.79492753891482,-0.00466811065510786,-0.5800460890075788,-0.10643312333563754,0.11697097419117425,0.8526799494463688,0.35227681416415635,0.1660308871605345,-0.1704336852125632,3.9318588027546784,-0.11765522713440246,-0.40777195704018787,-0.14886864967391933
2017-07-01,0.0,0.722104,1.141494892,0.6,49.87,0.788524131,2.24333333333333,52.246259489303,0.0,1.3594552745707205,3.336594445377372,-0.32558610614136835,0.2388582768228868,-0.07574118226594667,0.22648567043077616,0.015555372039710691,-0.29607266102982166,-0.01826502367148919,0.0,-1.0448656664594864,-2.5385100760405095,0.011986022636393479,0.1323387121638598,1.2774471690862703,1.2532199652962903,1.0619257964023205,-0.3399474342137694,0.020884095117758093,0.02400546504804018,3.9094196195580313,-0.13708610498922802,-0.0036610225284499087,-0.018544695836328895,0.16666666666666663,-1.1980205915623827,-3.8519179535005463,0.009214276935252563,-0.23759226936945765,0.21182383690082957,0.3182569602364671,0.819277908293671,-0.03340204115269785,0.1571950266638913,-0.0088358604966432,3.955968299560852,-0.08786694384706539,-0.4054285949623111,0.002343362077876776
2017-10-01,0.0,0.801916,0.158067436,0.6,59.73,1.127046627,2.37,61.4790043290043,0.0,1.4779780232319553,0.1185227486612348,-0.22075141475565963,0.3308803705719927,0.09202209374910592,0.15154591546022822,-0.07493975497054794,-0.38667767773146977,-0.09060501670164811,0.0,-2.697260035394251,-1.6523943689347647,0.10569579679576968,-1.8447335268861214,-0.7145105223082246,-1.991957691394495,-0.9270217420173026,-1.9889475384196231,0.0369266101582221,0.016042515040464007,4.089834406744215,0.04519350501170205,-0.06007346088912335,-0.056412438360673445,0.08333333333333304,-1.241912156832555,-0.04389156527017235,0.0435505095502462,0.11960060687262128,0.5438518622214688,0.3320280253206392,0.42623637548328475,-0.39304153281038623,0.2970378379368639,0.1398428112729726,4.118695723500287,0.07771498030228319,-0.5516209663075387,-0.14619237134522756
2018-01-01,0.0,0.185801,-0.164433927,1.333333,66.75,0.813409802,2.76,67.1591495388669,0.0,2.3045632977006107,0.8265852744686555,-1.6830790704855585,-1.1426835539010687,-1.4735639244730614,0.36651321195700304,0.21496729649677482,-0.4177134921072474,-0.031035814375777626,0.0,-1.3857334395634524,1.3115265958307987,0.028854538859914847,,,,2.2655227377247797,3.1925444797420823,0.058400771021456355,0.021474160863234254,4.200954297280359,0.15564639594107454,-0.2547209078048951,-0.19464744691577174,0.25,-4.262011768186582,-3.020099611354027,0.006001497172936077,-0.20652023493003546,0.19199509636640832,-0.3518567658550604,0.3091205810507205,-0.11711579443256426,0.7025419211414712,0.4055040832046073,4.207065168919913,0.16658797379064172,-0.6791814233789237,-0.12756045707138508
2018-04-01,0.0,0.575408,0.635021057,0.6666667,71.73,0.530825141,2.92,74.8900207039338,0.0,1.5310882509023287,-0.773475046798282,-0.5526759245897729,-0.022432382106501447,1.1202511717945671,0.46958289713867885,0.10306968518167581,-0.49036323525254755,-0.07264974314530015,0.0,-1.3257948337852667,0.05993860577818566,0.05065632216772187,-0.45409712000932567,0.652602549566954,,1.1027307465849248,-1.162791991139855,0.0486780944064582,-0.009722676614998156,4.272909070138343,0.2249061551712348,-0.3212670833934608,-0.06654617558856568,0.25,-1.9551109981739927,2.3069007700125894,0.00953338320035435,-0.6333226132900508,-0.26105726820204134,-0.45305236456844966,-0.4478517885980722,-0.7569723696487927,0.880504227791032,0.1779623066495608,4.31602064671916,0.27412080978482134,-0.7872595553755728,-0.10807813199664906
2018-07-01,0.0,0.166572,-0.485766045,1.133333,76.65,0.623697425,2.92666666666667,76.0811317523057,0.0,2.6813230170350693,1.1502347661327406,-1.7923276306011646,-1.2709296246074757,-1.2484972425009744,0.5849954084419354,0.11541251130325658,-0.5722169673301982,-0.08185373207765068,0.0,-0.7054204228114713,0.6203744109737954,0.11221837878302576,,,,0.5475578438083062,-0.5551729027766186,0.11776026319700336,0.06908216879054516,4.339249605317823,0.28693019210483506,-0.2265495072051391,0.09471757618832166,0.25,0.26132900467744946,2.216440002851442,0.05343550402422448,-0.47208992404604466,-0.12665161328279584,0.1344056549192455,-0.8899146796635193,-0.44206289106544716,0.9072826206981506,0.026778392907118587,4.331800293945441,0.2868722701159925,-0.9745824631069855,-0.1873229077314127
2018-10-01,0.0,0.626022,0.073012939,0.8333333,76.33,0.141644219,3.03333333333333,68.3200699542004,0.0,1.6180808001399214,-1.0632422168951479,-0.46836976472959835,0.0457253055946526,1.3166549302021284,0.7114002767638741,0.12640486832193865,-0.49722127148099116,0.07499569584920707,0.0,-0.558424456289373,0.14699596652209834,-0.09082077179578896,-2.6171186069647216,-1.5422293730650163,,-0.7715296180765137,-1.3190874618848198,0.09228520313453029,-0.025475060062473076,4.335066045810379,0.27707461278947765,-0.17053590686313003,0.056013600342009084,0.25,1.0077357028804954,0.746406698203046,-0.12287036597795442,-1.954436865398657,-1.6363024622441644,-1.5096508489613685,-1.6473214966599699,-0.7574068169964505,1.035351314199714,0.12806869350156336,4.224203573399586,0.1747911368626287,-0.9393872101605498,0.03519525294643566
2019-01-01,0.0,0.713386,0.114131859,0.3,63.79,0.624318082,2.65333333333333,63.7568957902001,0.0,-0.06083435596099207,-1.6789151561009135,-0.3377326305840801,0.17163259911476514,0.12590729352011254,0.4465215934917406,-0.2648786832721335,-0.5656360952411381,-0.06841482376014696,0.0,1.0184863705645597,1.5769108268539327,-0.04947191290570796,-2.17040084110628,-1.1356662381694396,0.4065631348955767,2.173792489806658,2.9453221078831717,-0.011182760204021293,-0.10346796333855157,4.1555964382538635,0.09066409554896815,-0.15305641654863145,0.01747949031449858,0.16666666666666696,-0.5389601050133592,-1.5466958078938546,-0.026176142844813732,-0.4710952936946006,-0.1805623393422277,1.4557401229019367,-2.1815278923750583,-0.5342063957150884,0.6766174709947019,-0.358733843205012,4.155077347446704,0.09969429649865891,-0.9459637460842125,-0.006576535923662696
2019-04-01,0.0,0.447778,0.400227315,0.7666667,71.57,0.835145841,2.33333333333333,68.3578465085639,0.0,-0.35529637461233676,-0.2944620186513447,-0.8034577050998353,-0.29524730507447217,-0.4668799041892373,0.15333953675838807,-0.2931820567333525,-0.6107416228521743,-0.045105527611036145,0.0,1.8639543778190557,0.845468007254496,-0.06277426823544996,-0.9157226057883463,0.07141996964617092,1.2070862078156104,0.44503050234528985,-1.7287619874613682,-0.077803646160337,-0.06662088595631571,4.270675991750506,0.19744730953849476,-0.27383258550105216,-0.12077616895242071,0.0,0.33087587806630836,0.8698359830796676,-0.015394592282166109,-0.1801489095023031,0.083687075984122,0.2642494153263497,-3.1641869163450167,-0.9826590239699584,0.37567449254402874,-0.3009429784506732,4.224756355535911,0.16177726812147863,-1.2246869034195726,-0.2787231573353601
2019-07-01,0.0,0.193117,0.054580823,0.3333333,65.85,1.170001857,1.79666666666667,62.1237693707259,0.0,-0.6651411576863779,-0.3098447830740412,-1.6444590561363426,-1.1329338292990934,-0.8376865242246212,-0.4762443803886588,-0.6295839171470469,-0.5654645159961165,0.04527710685605779,0.0,5.459318664894454,3.595364287075398,-0.05734513365145144,-2.908072685032191,-1.9743429434937672,-2.045762913139938,-1.0302678658793667,-1.4752983682246565,-0.19939715151764043,-0.12159350535730343,4.18737942818929,0.10435577164027965,-0.2658223026994597,0.008010282801592439,-0.25,0.8205481325887973,0.48967225452248897,-0.030232378434965845,0.1570053359878923,0.3963637051361655,0.3126766291520435,-3.7078290927704387,-0.543642176425422,-0.14664043894408318,-0.5223149314881119,4.129128675298676,0.05672660007552288,-1.3053352873669293,-0.08064838394735663
2019-10-01,0.0,0.151131,-2.876891501,0.5,66.13,0.68187787,1.79333333333333,62.5553842775582,0.0,-1.5333158801546176,-0.8681747224682397,-1.8896082686020426,-1.369219383368423,-0.2362855540693296,-0.38933976747027,0.0869046129183888,-0.49568272284070236,0.0697817931554141,0.0,4.291420026391648,-1.1678986385028054,0.009176553593458259,,,,-2.8585330443500965,-1.8282651784707298,-0.0744010124469748,0.12499613907066562,4.191622501686571,0.09703862639545502,-0.2951473117569847,-0.029325009057524998,-0.5,-0.23351232506702502,-1.0540604576558223,0.024776438101486775,-0.38290471342107474,-0.16454203991402366,-0.5609057450501891,-4.062378789301192,-0.3545496965307535,-0.14305827115261427,0.0035821677914689154,4.136052312785555,0.05209765833173652,-1.3502590738119475,-0.044923786445018266
2020-01-01,0.0,-2.9598,0.368416849,0.5,65.26,-1.392441086,1.37666666666667,51.1789894598155,0.0,-1.6390186704316676,-0.10570279027704998,,,,-0.4100759779446661,-0.02073621047439611,-0.5002557762311683,-0.0045730533904659865,0.0,4.732020516079302,0.44060048968765386,-0.2320577231345453,-0.998540240033363,-0.12247218612014255,,-1.678351545133367,1.1801814992167294,-0.07279500856634814,0.0016060038806266635,4.178379291165174,0.07013812079434789,-0.1610972173475682,0.1340500944094165,-0.5,0.18127934556149228,0.4147916706285173,-0.22544030663568648,,,,-4.037074336993115,0.02530445230807743,-0.5628849681568231,-0.4198266970042088,3.93532908571091,-0.16264583360017504,-1.1543246040856885,0.19593446972625905
2020-04-01,0.0,-10.754264,-7.213209545,0.1,29.43,-7.908965238,0.686666666666667,33.3771572871573,0.0,0.4928439988263307,2.1318626692579983,,,,-0.2641447268242713,0.1459312511203948,0.022267592689022564,0.5225233689201909,0.0,8.485200050209585,3.7531795341302825,-0.0861887469108975,,,,-3.927623297143043,-2.249271752009676,-0.01951241886099068,0.05328258970535746,3.382014562245381,-0.7423734606167565,0.13722484292469384,0.29832206027226205,-1.0,3.5343205968067366,3.3530412512452443,-0.07070757238536718,,,,-4.751750042565803,-0.714675705572688,-1.2686704159458824,-0.7057854477890593,3.5078717524489273,-0.6069617725871406,7.988446692401919,9.142771296487608
2020-07-01,0.0,10.818013,4.993649918,0.1666667,43.3,7.83022506,0.65,43.4346329757199,0.0,3.1217233749656543,2.6288793761393237,2.381212615149382,2.9178012491062844,,-0.616283697124027,-0.35213897029975566,0.8069853126365576,0.784717719947535,0.0,7.123747698878688,-1.3614523513308967,-0.0652410840057529,1.6081670888798003,2.42513051844305,,-4.975399259577173,-1.0477759624341303,-0.011107692102445336,0.008404726758545346,3.768152635008444,-0.3753081151560971,0.36748241721655006,0.23025757429185623,0.0,-0.1051044185897041,-3.6394250153964407,-0.016522800303937046,2.0579912528846505,2.2598549923008333,,-3.2332835009682412,1.5184665415975616,-1.3359460307371633,-0.06727561479128097,3.7712571177100243,-0.36354235551385905,3.784752839118501,-4.203693853283418
2020-10-01,0.0,0.485689,1.66212198,-0.8333333,44.07,1.084725512,0.8633333333333342,45.3445915678524,0.0,3.1267626778331703,0.005039302867515971,-0.7221867776118346,-0.15941928374770364,-3.077220532853988,-0.9101791921478574,-0.2938954950238304,0.6556473950826884,-0.15133791755386916,0.0,6.706815948818274,-0.4169317500604137,0.08465099157453082,0.5080950872418902,1.2673934178510695,-1.1577371005919805,-5.155475627073102,-0.18007636749592848,-0.025789748467133132,-0.014682056364687796,3.7857792788538958,-0.37965240741074746,0.46391828815791936,0.0964358709413693,0.0,-3.8132538315926183,-3.7081494130029142,0.06713016955872764,0.08132697065469136,0.27230621715872977,-1.9875487751421035,-0.2888360310817575,2.9444474698864838,-1.1694503097380857,0.1664957209990776,3.814290909644331,-0.3434715047174475,1.736300080348932,-2.048452758769569
2021-01-01,0.0,0.778583,1.05691279,-0.5333334,57.37,1.380186139,1.31666666666667,61.1277829537612,0.0,2.318487383499871,-0.8082752943332991,-0.2502796781052836,0.3494651819263642,0.5088844656740679,-0.9071507364229807,0.003028455724876644,0.736165485678268,0.08051809059557957,0.0,4.7441049444480825,-1.9627110043701919,0.12712793908585063,0.055352196388649424,0.7597917089862994,-0.5076017088647701,-2.1649389697310824,2.9905366573420196,0.028239434176088235,0.05402918264322137,4.04952151861378,-0.1405170789632999,0.26054756186796224,-0.20337072628995712,0.0,-5.712986749571968,-1.8997329179793496,0.09686356772328875,0.32221837340650783,0.5076328384353086,0.23532662127657883,0.8360499527853449,1.1248859838671024,-0.7797534505535229,0.38969685918456287,4.112966475654516,-0.07041830931029303,1.275763189853639,-0.4605368904952929
2021-04-01,0.0,2.21029,0.743253951,-0.8,67.51,1.570044874,1.59333333333333,69.1399278499279,0.0,2.235468741362908,-0.0830186421369632,0.7931237286403018,1.4415634932284394,1.0920983113020752,-0.7748507027003724,0.13230003372260835,0.6493754504522204,-0.08679003522604756,0.0,1.5461230702198776,-3.197981874228205,0.09502339203294685,-0.29671750127547575,0.35624410891367003,-0.4035476000726294,-2.298353685384342,-0.13341471565325946,-0.033872670115512205,-0.06211210429160044,4.21227573505378,-0.004506232708076929,0.291094395535739,0.030546833667776774,0.0,-4.938112329586218,0.7748744199857498,0.14970731092197376,0.45110420111735944,0.6358086749802873,0.12817583654497866,2.660160668232237,1.824110715446892,-0.5833614110114389,0.19639203954208395,4.236132390957034,0.025018039099456324,1.0347307538428296,-0.24103243601080937
2021-07-01,0.0,1.678665,-0.144812186,-0.1666667,74.03,0.852849396,1.32333333333333,73.2469696969697,0.0,0.8814956128715892,-1.3539731284913188,0.5179988346620288,1.22755165858561,-0.21401183464282925,-1.0609302960488667,-0.2860795933484943,0.2623210520049257,-0.3870543984472947,0.0,3.127080311661871,1.5809572414419932,0.09910117462999057,,,,-0.5480310850099812,1.7503226003743606,-0.10366290359769406,-0.06979023348218186,4.304470416455007,0.059395959150383426,0.1557881041241438,-0.13530629141159523,0.0,-3.5555357786419677,1.3825765509442505,0.12716707065464217,-0.15917230510914251,0.0288947762457131,-0.6069138987345741,4.915835459022702,2.255674790790465,-0.9496261363665084,-0.3662647253550695,4.293836877716797,0.05348200729542896,0.24399500653305584,-0.7907357473097738
2021-10-01,0.0,0.996613,1.186240738,0.5,80.84,1.803158911,1.53666666666667,79.8113178367526,0.0,-0.4643736418215667,-1.3458692546931559,-0.0033927488691170003,0.779490928375576,-0.4480607302100341,-1.0338063287694759,0.027123967279390815,-0.02502980671977273,-0.28735085872469845,0.0,1.5035536607166335,-1.6235266509452373,0.05788762688935556,0.17078926311383774,0.775753651339872,,-2.3723460085318493,-1.824314923521868,-0.0976469381073934,0.006015965490300659,4.39247189253542,0.1181459822398292,0.12134006859885904,-0.03444803552528475,0.0,-2.532409316873199,1.0231264617687685,0.20696074556635669,0.5895400773312426,0.7838627927624001,0.754968016516687,5.984713716923693,1.068878257900991,-0.8475349709915412,0.10209116537496721,4.379665321927418,0.10913958961551717,-0.5663005245802832,-0.8102955311133391
2022-01-01,0.0,0.579077,-0.37865779,0.8977616407098488,97.443126984127,-0.257454468,1.94,97.443126984127,0.0,-1.0902982639886147,-0.625924622167048,-0.5463198223410601,0.32114492163050923,-0.45834600674506676,-0.6661324696188109,0.367673859150665,-0.14620317343553246,-0.12117336671575973,0.0,0.7584990174653257,-0.7450546432513079,0.005126561639392513,,,,3.37196922355443,5.744315232086279,-0.017275656166797965,0.08037128194059544,4.579268894827283,0.27528560152784465,0.08770130236049134,-0.0336387662383677,0.08333333333333329,-2.033662954552412,0.4987463623207873,0.1304018024158342,,,,6.969426538784347,0.9847128218606542,-0.5688150762574682,0.278719894734073,4.579268894827283,0.2781891393878242,-0.7994968088808734,-0.23319628430059014
2022-04-01,0.0,0.793021,0.992651595,2.388173200338706,111.987359307359,0.070179443,2.93,111.987359307359,0.0,-2.95414726137561,-1.8638489973869952,-0.23190557598291722,0.7299356857111563,0.4087907640806471,0.2761650416629169,0.9422975112817278,-0.16804445222681164,-0.021841278791279173,0.0,-5.239400772382197,-5.997899789847523,-0.06613091489664669,-0.007375537530286187,0.5529494214523254,,3.360965007008488,-0.011004216545941858,-0.01560557762844611,0.0016700785383518546,4.7183860015983985,0.38481858747865605,-0.011923018733227764,-0.0996243210937191,0.7500000000000001,1.5406893872046936,3.5743523417571055,-0.07181488536506464,-2.6566998455926765,-2.4544261008094233,,6.861014249397755,-0.10841228938659242,0.28533609582167996,0.8541511720791481,4.7183860015983985,0.38684803164056447,-0.891912877924534,-0.09241606904366062
2022-07-01,0.75,0.502051,-0.357716979,2.86439336170945,97.8346941464333,0.673208201,3.10666666666667,97.8346941464333,0.75,-4.733108205313513,-1.7789609439379035,-0.6890535708251927,0.3753041816008561,-0.3546315041103002,0.4539107795167656,0.17774573785384873,-0.12397367019467165,0.04407078203213999,0.0,-6.2469369250019895,-1.0075361526197923,-0.10228589669465382,,,,3.63718425682535,0.27621924981686163,-0.06568242505977034,-0.050076847431324234,4.583279260006883,0.22050812594584812,-0.07771453213854196,-0.0657915134053142,1.6666666666666665,5.0285714932952175,3.487882106090524,-0.14818691633373327,-0.3957006346244171,-0.18546801076733077,2.2689580900420925,2.889583693556176,-3.971430555841579,0.3174099359878526,0.03207384016617265,4.583279260006883,0.2216839857739492,-0.8793700777615383,0.012542800162995693
2022-10-01,1.916666666666667,-0.131676,0.415134355,3.825871211708964,88.7201298701299,0.827827925,3.83,88.7201298701299,1.166666666666667,-2.5658556584283474,2.167252546885166,,,,0.9835763077365351,0.5296655282197695,-0.0473068266575325,0.07666684353713915,0.0,-5.422626031087347,0.8243108939146424,-0.11522514629842728,-0.8791530641582349,-0.3607174754571476,,1.3063692848704989,-2.330814971954851,-0.01720883420885161,0.048473590850918735,4.48548680686126,0.09395898081623866,-0.07651342342498557,0.001201108713556387,1.166666666666667,4.866944217749506,-0.16162727554571177,-0.10174820391181782,-0.18894996624276508,0.02909585716884086,0.21456386793617163,-0.07402412654485602,-2.963607820101032,0.8897194999231015,0.5723095639352489,4.48548680686126,0.094298460210819,-0.7304643088934544,0.14890576886808393
2023-01-01,3.0,0.101208,0.712002621,3.608387572402183,82.3236133069829,0.692043793,3.64666666666667,82.3236133069829,1.083333333333333,-0.8681059907177797,1.6977496677105677,-2.2905774738697686,-1.1176749454919992,,0.9155504309426656,-0.06802587679386951,-0.07128143738994286,-0.023974610732410362,0.0,-1.3894136790868146,4.0332123520005325,-0.06250761307316743,-0.3396736863971615,0.1386692638381018,0.4993867392952494,3.9401891628489807,2.633819877978482,0.07682027735855523,0.09402911156740684,4.410657983990384,-0.009250696581744045,-0.008445306579507594,0.06806811684547798,0.833333333333333,0.2529588907479763,-4.613985327001529,-0.055737401957515864,-0.36810604068477765,-0.14243030897228695,-0.1715261661411278,-2.0782951219014194,-2.0042709953565634,0.5510461287661745,-0.338673371156927,4.410657983990384,-0.009734434096766442,-0.646577865523251,0.08388644337020335
2023-04-01,3.75,0.119962,0.262972803,3.288497482839148,78.0861304347826,0.606973886,3.59333333333333,78.0861304347826,0.75,0.6460280876069362,1.514134078324716,-2.120580253016234,-0.8354509163702253,0.2822240291217739,0.7410071847362878,-0.17454324620637784,-0.062439451399788126,0.008841985990154733,0.0,-2.2218563161795117,-0.8324426370926972,0.0865930801291599,-1.33570466279801,-0.8963854979369081,-1.0350547617750099,2.0075964816627447,-1.932592681186236,0.0017540809314110506,-0.07506619642714418,4.357812453812448,-0.09023115869333864,-0.07358897469941672,-0.06514366811990913,0.41666666666666696,0.01739166900148348,-0.2355672217464928,0.00211271344163233,-0.4992695102648904,-0.26620295815020145,-0.1237726491779145,-2.3960285642295105,-0.3177334423280911,0.3396150889683387,-0.21143103979783584,4.357812453812448,-0.0915292021450389,-0.5286325016608391,0.11794536386241194
2023-07-01,4.25,0.174431,-1.360381416,3.068313567284786,85.9835472739821,1.071522787,4.15,85.9835472739821,0.5,2.4529764325788506,1.8069483449719144,-1.7462260310097468,-0.34683555984127334,0.48861535652895194,0.728239903610588,-0.012767281125699803,0.11272273320340709,0.17516218460319521,0.0,-3.640308672661803,-1.418452356482291,0.02612981196377895,,,,0.8765812139869524,-1.1310152676757923,0.22289373512532912,0.22113965419391807,4.454155967183619,-0.02190078784045202,-0.005348942565409409,0.06824003213400731,0.33333333333333304,0.4008606099140479,0.38346894091256445,-0.05692788894807155,0.06908080215427027,0.309332309070527,0.5755352672207285,-2.2094467211050244,0.1865818431244861,0.7366405764837514,0.39702548751541267,4.454155967183619,-0.024008176470949216,-0.27714786015017934,0.25148464151065975
2023-10-01,4.5,0.051375,0.445998625,2.846491992581779,82.8916810966811,0.788672703,4.44,82.8916810966811,0.25,1.8554317993428953,-0.5975446332359553,-2.9686036061657384,-1.4540432234601377,-1.1072076636188644,0.49396746056230656,-0.23427244304828143,0.22107974296724997,0.10835700976384288,0.0,-2.7054034852990867,0.9349051873627161,0.055773582452721904,-0.8074394099264666,-0.4068897243617998,,-1.6202214153042291,-2.4968026292911816,0.2572059689220034,0.03431223379667431,4.417534708453164,-0.08648113837770399,-0.03708573184899722,-0.03173678928358781,0.0,0.5706395677635498,0.16977895784950192,0.02765029072005376,-0.2374038692950513,0.010026325969042515,-0.2993059831014845,-2.6956261942711137,-0.48617947316608934,0.8664578611692635,0.12981728468551212,4.417534708453164,-0.08939605036700637,-0.02564818852169326,0.2514996716284861
